[
  {
    "Title": "TAKE TESTS 4 TYPES OF ANALYSIS FOR ONLY 380 RUBLES!",
    "Date": "26.06.2020",
    "Text": "• Magnesium\n• Phosphorus\n• Calcium\n\n\nMineral substances are the most important elements in the human body! Their lack can lead to serious diseases. They participate in all important functions of the body.\n\nValidity period from June 27 to July 12.\n• Phosphorus\n\n• Calcium\n\nMineral substances are the most important elements in the human body! Their lack can lead to serious diseases. They participate in all important functions of the body.\n\nValidity period from June 27 to July 12."
  },
  {
    "Title": "CHECK YOUR HEALTH AFTER QUARANTINE!",
    "Date": "26.06.2020",
    "Text": "For the diagnosis of immunodeficiency and autoimmune conditions, it is important to determine the level of common immunoglobulins.\n\nClass immunoglobulins:\n\n• A (IgA)\n\n• M (IgM)\n\n• G (IgG)\n\nClass A immunoglobulins (IgA) are antibodies that provide local immunity, mucosal protection at the first stage when in contact with bacterial or viral infections.\n\nClass M (IgM) immunoglobulins - formed first during the development of the infectious process. Provides a natural primary immune response.\n\nClass G (IgG) immunoglobulins - provide the main protection against viruses and bacteria, form long-term immunity.\n\nDecreased levels of immunoglobulins may indicate decreased overall immune defenses, increased susceptibility to infections.\n\nHave time to use the offer of 380 rubles (the usual price is 760 rubles)!"
  },
  {
    "Title": "SUPER DEAL FOR VACCINATION!",
    "Date": "14.06.2020",
    "Text": "The price of a number of vaccines has been reduced!\n\nVarilrix (Belgium) from chickenpox - 3000 rubles. (usual price 4100 rubles.)\nInfanrix Hexa (Belgium) against diphtheria, pertussis and tetanus, hemophilic stick, polio, hepatitis B - 2750 rubles. (usual price 4050 rubles.)\nBiVak polio (Russia) polio prevention - 250 rubles. (usual price 400 rubles.)\nMeasles and mumps vaccine (Russia) - 350 rubles. (usual price 650 rubles.)\nRubella vaccine (Russia) - 250 rubles. (usual price 350 rubles.)\nThe action is valid as long as vaccines are available. You need a pre-appointment by phone. 8 (843) 255-41-41"
  }
]