<?xml version='1.0' encoding='UTF-8'?>
<dataset>
<record><full name>Glyn Dunkerly</full name><login>gdunkerly0</login><pwd>IGU2Q1qifXuf</pwd><guid>da293d99-95aa-4254-8c7e-c9e9270ef3f7</guid><email>gdunkerly0@ted.com</email><social_sec_number>93766273</social_sec_number><ein>04-6439890</ein><social_type>oms</social_type><phone>+86 (106) 695-3205</phone><passport_s>9091</passport_s><passport_n>129038</passport_n><birthdate_timestamp>-716240535000</birthdate_timestamp><id>1</id><country>China</country><insurance_name>Avamba</insurance_name><insurance_address>0536 Bunker Hill Plaza</insurance_address><insurance_inn>2716833</insurance_inn><ipadress>227.113.77.41</ipadress><insurance_p/c>553793026</insurance_p/c><insurance_bik>180522995</insurance_bik><ua>Mozilla/5.0 (X11; CrOS i686 0.13.587) AppleWebKit/535.1 (KHTML, like Gecko) Chrome/13.0.782.14 Safari/535.1</ua></record><record><full name>Jeanne Restill</full name><login>jrestill1</login><pwd>sqIBkp</pwd><guid>dcb31c2f-fa2f-4792-b318-13cbf62a382e</guid><email>jrestill1@feedburner.com</email><social_sec_number>92610882</social_sec_number><ein>17-9529230</ein><social_type>oms</social_type><phone>+234 (336) 298-8675</phone><passport_s>4446</passport_s><passport_n>615819</passport_n><birthdate_timestamp>423928648000</birthdate_timestamp><id>2</id><country>Nigeria</country><insurance_name>Chatterpoint</insurance_name><insurance_address>45 Boyd Place</insurance_address><insurance_inn>6233619</insurance_inn>